lake,date,year,doy,depth,temp_c,do_mgl
R,5/14/2019,2019,134,0,13.2,11.0
R,5/14/2019,2019,134,0.5,13.1,11.2
R,5/14/2019,2019,134,1,12.6,10.6
R,5/14/2019,2019,134,1.5,10.8,11.8
R,5/14/2019,2019,134,2,9.5,12.3
R,5/14/2019,2019,134,2.5,8.2,13.5
R,5/14/2019,2019,134,3,6.7,14.6
R,5/14/2019,2019,134,3.5,5.5,13.1
R,5/14/2019,2019,134,4,5.4,10.5
R,5/14/2019,2019,134,4.5,4.6,0.7
R,5/14/2019,2019,134,5,4.5,0.5
R,5/14/2019,2019,134,5.5,4.5,0.4
R,5/14/2019,2019,134,6,4.5,0.3
R,5/14/2019,2019,134,6.5,4.5,0.1
R,5/14/2019,2019,134,7,4.4,0.1
R,5/14/2019,2019,134,8,4.3,0.1
R,5/14/2019,2019,134,9,4.4,0.1
R,5/14/2019,2019,134,10,4.4,0.1
R,5/14/2019,2019,134,11,4.4,0.1
R,5/14/2019,2019,134,12,4.5,0.0
L,5/15/2019,2019,135,0,14.8,10.6
L,5/15/2019,2019,135,0.5,14.2,10.3
L,5/15/2019,2019,135,1,12.5,11.0
L,5/15/2019,2019,135,1.5,11.3,11.6
L,5/15/2019,2019,135,2,10.1,12.2
L,5/15/2019,2019,135,2.5,9.1,12.5
L,5/15/2019,2019,135,3,8.0,13.4
L,5/15/2019,2019,135,3.5,7.0,13.4
L,5/15/2019,2019,135,4,6.4,12.1
L,5/15/2019,2019,135,4.5,5.9,9.8
L,5/15/2019,2019,135,5,5.4,5.6
L,5/15/2019,2019,135,5.5,5.1,1.6
L,5/15/2019,2019,135,6,4.9,0.2
L,5/15/2019,2019,135,6.5,4.9,0.1
L,5/15/2019,2019,135,7,4.8,0.1
L,5/15/2019,2019,135,8,4.8,0.1
L,5/15/2019,2019,135,9,4.8,0.1
R,5/20/2019,2019,140,0,11.2,10.1
R,5/20/2019,2019,140,0.5,11.1,9.9
R,5/20/2019,2019,140,1,10.8,10.1
R,5/20/2019,2019,140,1.5,10.4,10.2
R,5/20/2019,2019,140,2,10.3,10.2
R,5/20/2019,2019,140,2.5,10.0,11.0
R,5/20/2019,2019,140,3,7.9,12.7
R,5/20/2019,2019,140,3.5,6.4,12.8
R,5/20/2019,2019,140,4,5.4,11.2
R,5/20/2019,2019,140,4.5,4.8,1.2
R,5/20/2019,2019,140,5,4.7,0.7
R,5/20/2019,2019,140,5.5,4.7,0.7
R,5/20/2019,2019,140,6,4.7,0.7
R,5/20/2019,2019,140,6.5,4.7,0.1
R,5/20/2019,2019,140,7,4.5,0.1
R,5/20/2019,2019,140,8,4.4,0.1
R,5/20/2019,2019,140,9,4.4,0.1
R,5/20/2019,2019,140,10,4.4,0.1
R,5/20/2019,2019,140,11,4.5,0.1
R,5/20/2019,2019,140,12,4.5,0.1
L,5/21/2019,2019,141,0,12.3,10.5
L,5/21/2019,2019,141,0.5,12.2,10.3
L,5/21/2019,2019,141,1,11.4,10.6
L,5/21/2019,2019,141,1.5,11.3,10.5
L,5/21/2019,2019,141,2,10.8,10.8
L,5/21/2019,2019,141,2.5,10.5,10.9
L,5/21/2019,2019,141,3,10.1,11.2
L,5/21/2019,2019,141,3.5,8.2,13.0
L,5/21/2019,2019,141,4,7.2,11.2
L,5/21/2019,2019,141,4.5,6.5,11.1
L,5/21/2019,2019,141,5,6.0,8.7
L,5/21/2019,2019,141,5.5,5.6,5.0
L,5/21/2019,2019,141,6,5.3,0.3
L,5/21/2019,2019,141,6.5,5.1,0.1
L,5/21/2019,2019,141,7,5.0,0.1
L,5/21/2019,2019,141,8,4.9,0.1
L,5/21/2019,2019,141,9,4.8,0.1
R,5/27/2019,2019,147,0,15.6,8.7
R,5/27/2019,2019,147,0.5,15.8,8.6
R,5/27/2019,2019,147,1,15.6,8.8
R,5/27/2019,2019,147,1.5,13.7,9.5
R,5/27/2019,2019,147,2,12.7,10.0
R,5/27/2019,2019,147,2.5,10.8,11.2
R,5/27/2019,2019,147,3,8.7,12.7
R,5/27/2019,2019,147,3.5,7.1,12.6
R,5/27/2019,2019,147,4,5.8,3.2
R,5/27/2019,2019,147,4.5,5.3,3.2
R,5/27/2019,2019,147,5,4.9,1.0
R,5/27/2019,2019,147,5.5,4.9,0.7
R,5/27/2019,2019,147,6,4.7,0.5
R,5/27/2019,2019,147,6.5,4.7,0.3
R,5/27/2019,2019,147,7,4.7,0.2
R,5/27/2019,2019,147,8,4.5,0.1
R,5/27/2019,2019,147,9,4.4,0.1
R,5/27/2019,2019,147,10,4.4,0.1
R,5/27/2019,2019,147,11,4.5,0.1
R,5/27/2019,2019,147,12,4.5,0.1
L,5/28/2019,2019,148,0,14.0,8.9
L,5/28/2019,2019,148,0.5,14.0,8.8
L,5/28/2019,2019,148,1,14.0,8.7
L,5/28/2019,2019,148,1.5,13.9,8.7
L,5/28/2019,2019,148,2,13.7,9.7
L,5/28/2019,2019,148,2.5,11.8,10.4
L,5/28/2019,2019,148,3,10.6,11.1
L,5/28/2019,2019,148,3.5,9.2,12.5
L,5/28/2019,2019,148,4,7.8,11.3
L,5/28/2019,2019,148,4.5,7.0,10.5
L,5/28/2019,2019,148,5,6.3,8.1
L,5/28/2019,2019,148,5.5,5.8,4.3
L,5/28/2019,2019,148,6,5.4,0.5
L,5/28/2019,2019,148,6.5,5.2,0.1
L,5/28/2019,2019,148,7,5.1,0.1
L,5/28/2019,2019,148,8,4.9,0.1
L,5/28/2019,2019,148,9,4.9,0.1
R,6/3/2019,2019,154,0,17.2,8.2
R,6/3/2019,2019,154,0.5,17.2,8.0
R,6/3/2019,2019,154,1,17.1,7.9
R,6/3/2019,2019,154,1.5,16.9,7.7
R,6/3/2019,2019,154,2,14.5,9.4
R,6/3/2019,2019,154,2.5,11.9,11.4
R,6/3/2019,2019,154,3,9.8,13.0
R,6/3/2019,2019,154,3.5,7.6,13.5
R,6/3/2019,2019,154,4,6.6,13.1
R,6/3/2019,2019,154,4.5,5.6,11.5
R,6/3/2019,2019,154,5,5.0,0.8
R,6/3/2019,2019,154,5.5,5.0,0.5
R,6/3/2019,2019,154,6,5.0,0.2
R,6/3/2019,2019,154,6.5,4.9,0.1
R,6/3/2019,2019,154,7,4.7,0.1
R,6/3/2019,2019,154,8,4.5,0.1
R,6/3/2019,2019,154,9,4.5,0.1
R,6/3/2019,2019,154,10,4.5,0.1
R,6/3/2019,2019,154,11,4.5,0.1
R,6/3/2019,2019,154,12,4.5,0.1
L,6/4/2019,2019,155,0,17.0,8.6
L,6/4/2019,2019,155,0.5,16.9,8.5
L,6/4/2019,2019,155,1,16.8,8.7
L,6/4/2019,2019,155,1.5,16.6,8.6
L,6/4/2019,2019,155,2,16.2,9.5
L,6/4/2019,2019,155,2.5,13.8,10.7
L,6/4/2019,2019,155,3,11.9,11.6
L,6/4/2019,2019,155,3.5,10.3,12.8
L,6/4/2019,2019,155,4,9.1,12.3
L,6/4/2019,2019,155,4.5,8.0,11.5
L,6/4/2019,2019,155,5,6.9,9.2
L,6/4/2019,2019,155,5.5,6.2,5.0
L,6/4/2019,2019,155,6,5.8,1.6
L,6/4/2019,2019,155,6.5,5.5,0.2
L,6/4/2019,2019,155,7,5.4,0.1
L,6/4/2019,2019,155,8,5.0,0.1
L,6/4/2019,2019,155,9,5.0,0.1
R,6/10/2019,2019,161,0,20.7,7.5
R,6/10/2019,2019,161,0.5,20.7,7.5
R,6/10/2019,2019,161,1,20.7,7.3
R,6/10/2019,2019,161,1.5,19.9,7.8
R,6/10/2019,2019,161,2,17.0,10.2
R,6/10/2019,2019,161,2.5,13.3,11.5
R,6/10/2019,2019,161,3,10.7,12.5
R,6/10/2019,2019,161,3.5,8.4,13.6
R,6/10/2019,2019,161,4,6.7,13.3
R,6/10/2019,2019,161,4.5,5.8,8.2
R,6/10/2019,2019,161,5,5.1,0.6
R,6/10/2019,2019,161,5.5,5.1,0.3
R,6/10/2019,2019,161,6,5.1,0.2
R,6/10/2019,2019,161,6.5,5.1,0.1
R,6/10/2019,2019,161,7,4.8,0.1
R,6/10/2019,2019,161,8,4.6,0.1
R,6/10/2019,2019,161,9,4.5,0.1
R,6/10/2019,2019,161,10,4.5,0.1
R,6/10/2019,2019,161,11,4.5,0.1
R,6/10/2019,2019,161,12,4.4,0.0
L,6/11/2019,2019,162,0,20.5,8.8
L,6/11/2019,2019,162,0.5,20.4,8.8
L,6/11/2019,2019,162,1,20.2,8.9
L,6/11/2019,2019,162,1.5,20.0,8.7
L,6/11/2019,2019,162,2,19.4,9.7
L,6/11/2019,2019,162,2.5,16.1,12.0
L,6/11/2019,2019,162,3,13.9,13.1
L,6/11/2019,2019,162,3.5,11.6,14.4
L,6/11/2019,2019,162,4,10.1,14.2
L,6/11/2019,2019,162,4.5,8.9,13.6
L,6/11/2019,2019,162,5,7.5,10.9
L,6/11/2019,2019,162,5.5,7.0,7.7
L,6/11/2019,2019,162,6,6.1,1.5
L,6/11/2019,2019,162,6.5,5.8,0.3
L,6/11/2019,2019,162,7,5.6,0.1
L,6/11/2019,2019,162,8,5.1,0.1
L,6/11/2019,2019,162,9,5.0,0.1
R,6/17/2019,2019,168,0,19.6,8.6
R,6/17/2019,2019,168,0.5,19.5,8.2
R,6/17/2019,2019,168,1,19.3,8.2
R,6/17/2019,2019,168,1.5,19.2,8.3
R,6/17/2019,2019,168,2,18.3,8.9
R,6/17/2019,2019,168,2.5,14.7,11.8
R,6/17/2019,2019,168,3,11.8,12.7
R,6/17/2019,2019,168,3.5,9.8,13.4
R,6/17/2019,2019,168,4,7.6,13.6
R,6/17/2019,2019,168,4.5,6.0,8.0
R,6/17/2019,2019,168,5,5.3,0.6
R,6/17/2019,2019,168,5.5,5.3,0.3
R,6/17/2019,2019,168,6,5.2,0.1
R,6/17/2019,2019,168,6.5,5.2,0.1
R,6/17/2019,2019,168,7,5.0,0.1
R,6/17/2019,2019,168,8,4.8,0.1
R,6/17/2019,2019,168,9,4.6,0.1
R,6/17/2019,2019,168,10,4.5,0.1
R,6/17/2019,2019,168,11,4.5,0.1
R,6/17/2019,2019,168,12,4.5,0.1
L,6/18/2019,2019,169,0,20.6,7.8
L,6/18/2019,2019,169,0.5,20.4,7.5
L,6/18/2019,2019,169,1,20.2,7.1
L,6/18/2019,2019,169,1.5,20.0,7.5
L,6/18/2019,2019,169,2,19.5,7.6
L,6/18/2019,2019,169,2.5,18.1,9.2
L,6/18/2019,2019,169,3,15.1,11.0
L,6/18/2019,2019,169,3.5,13.0,11.8
L,6/18/2019,2019,169,4,10.9,12.2
L,6/18/2019,2019,169,4.5,9.2,11.2
L,6/18/2019,2019,169,5,8.3,9.5
L,6/18/2019,2019,169,5.5,7.4,6.3
L,6/18/2019,2019,169,6,6.7,2.9
L,6/18/2019,2019,169,6.5,6.1,0.2
L,6/18/2019,2019,169,7,5.7,0.1
L,6/18/2019,2019,169,8,5.2,0.1
L,6/18/2019,2019,169,9,5.1,0.1
R,6/24/2019,2019,175,0,20.7,7.8
R,6/24/2019,2019,175,0.5,20.7,7.9
R,6/24/2019,2019,175,1,20.7,7.6
R,6/24/2019,2019,175,1.5,20.6,7.6
R,6/24/2019,2019,175,2,19.8,8.5
R,6/24/2019,2019,175,2.5,16.5,11.5
R,6/24/2019,2019,175,3,12.9,12.9
R,6/24/2019,2019,175,3.5,10.2,12.7
R,6/24/2019,2019,175,4,8.1,13.5
R,6/24/2019,2019,175,4.5,6.4,11.8
R,6/24/2019,2019,175,5,5.5,0.5
R,6/24/2019,2019,175,5.5,5.5,0.2
R,6/24/2019,2019,175,6,5.4,0.1
R,6/24/2019,2019,175,6.5,5.4,0.1
R,6/24/2019,2019,175,7,5.2,0.1
R,6/24/2019,2019,175,8,4.7,0.1
R,6/24/2019,2019,175,9,4.6,0.1
R,6/24/2019,2019,175,10,4.5,0.1
R,6/24/2019,2019,175,11,4.5,0.1
R,6/24/2019,2019,175,12,4.6,0.1
L,6/25/2019,2019,176,0,20.6,7.3
L,6/25/2019,2019,176,0.5,20.5,7.4
L,6/25/2019,2019,176,1,20.4,7.4
L,6/25/2019,2019,176,1.5,20.3,7.2
L,6/25/2019,2019,176,2,20.2,7.3
L,6/25/2019,2019,176,2.5,19.5,8.2
L,6/25/2019,2019,176,3,16.8,10.4
L,6/25/2019,2019,176,3.5,13.5,11.2
L,6/25/2019,2019,176,4,11.5,11.5
L,6/25/2019,2019,176,4.5,10.0,11.3
L,6/25/2019,2019,176,5,8.5,8.5
L,6/25/2019,2019,176,5.5,7.7,6.2
L,6/25/2019,2019,176,6,7.0,2.7
L,6/25/2019,2019,176,6.5,6.4,0.2
L,6/25/2019,2019,176,7,6.0,0.1
L,6/25/2019,2019,176,8,5.4,0.1
L,6/25/2019,2019,176,9,5.1,0.1
R,7/1/2019,2019,182,0,23.3,7.6
R,7/1/2019,2019,182,0.5,23.3,7.5
R,7/1/2019,2019,182,1,23.4,7.6
R,7/1/2019,2019,182,1.5,23.0,7.2
R,7/1/2019,2019,182,2,20.7,8.9
R,7/1/2019,2019,182,2.5,17.0,11.6
R,7/1/2019,2019,182,3,13.4,12.1
R,7/1/2019,2019,182,3.5,10.4,13.0
R,7/1/2019,2019,182,4,8.5,13.2
R,7/1/2019,2019,182,4.5,6.7,11.7
R,7/1/2019,2019,182,5,5.8,0.5
R,7/1/2019,2019,182,5.5,5.6,0.2
R,7/1/2019,2019,182,6,5.6,0.1
R,7/1/2019,2019,182,6.5,5.4,0.1
R,7/1/2019,2019,182,7,5.2,0.1
R,7/1/2019,2019,182,8,4.8,0.1
R,7/1/2019,2019,182,9,4.6,0.1
R,7/1/2019,2019,182,10,4.6,0.1
R,7/1/2019,2019,182,11,4.6,0.1
R,7/1/2019,2019,182,12,4.6,0.1
L,7/2/2019,2019,183,0,23.0,7.0
L,7/2/2019,2019,183,0.5,23.0,7.0
L,7/2/2019,2019,183,1,23.0,6.8
L,7/2/2019,2019,183,1.5,22.9,6.8
L,7/2/2019,2019,183,2,22.6,6.7
L,7/2/2019,2019,183,2.5,20.5,8.3
L,7/2/2019,2019,183,3,17.7,10.1
L,7/2/2019,2019,183,3.5,14.8,11.0
L,7/2/2019,2019,183,4,12.3,11.9
L,7/2/2019,2019,183,4.5,10.6,11.6
L,7/2/2019,2019,183,5,9.1,9.6
L,7/2/2019,2019,183,5.5,8.0,5.5
L,7/2/2019,2019,183,6,7.1,2.2
L,7/2/2019,2019,183,6.5,6.6,0.1
L,7/2/2019,2019,183,7,6.1,0.1
L,7/2/2019,2019,183,8,5.5,0.1
L,7/2/2019,2019,183,9,5.3,0.1
R,7/8/2019,2019,189,0,24.2,7.4
R,7/8/2019,2019,189,0.5,24.0,7.2
R,7/8/2019,2019,189,1,23.9,7.2
R,7/8/2019,2019,189,1.5,23.9,7.0
R,7/8/2019,2019,189,2,23.5,7.4
R,7/8/2019,2019,189,2.5,18.7,11.0
R,7/8/2019,2019,189,3,14.8,11.2
R,7/8/2019,2019,189,3.5,11.7,12.2
R,7/8/2019,2019,189,4,9.3,12.7
R,7/8/2019,2019,189,4.5,7.5,12.7
R,7/8/2019,2019,189,5,6.3,2.3
R,7/8/2019,2019,189,5.5,5.8,0.2
R,7/8/2019,2019,189,6,5.6,0.1
R,7/8/2019,2019,189,6.5,5.4,0.1
R,7/8/2019,2019,189,7,5.1,0.1
R,7/8/2019,2019,189,8,4.9,0.1
R,7/8/2019,2019,189,9,4.6,0.1
R,7/8/2019,2019,189,10,4.6,0.1
R,7/8/2019,2019,189,11,4.6,0.1
R,7/8/2019,2019,189,12,4.6,0.1
L,7/9/2019,2019,190,0,24.9,6.3
L,7/9/2019,2019,190,0.5,24.9,6.3
L,7/9/2019,2019,190,1,24.7,5.8
L,7/9/2019,2019,190,1.5,24.6,6.0
L,7/9/2019,2019,190,2,24.3,6.0
L,7/9/2019,2019,190,2.5,22.1,7.4
L,7/9/2019,2019,190,3,19.5,8.8
L,7/9/2019,2019,190,3.5,15.5,10.4
L,7/9/2019,2019,190,4,13.5,10.6
L,7/9/2019,2019,190,4.5,11.3,10.4
L,7/9/2019,2019,190,5,9.8,9.7
L,7/9/2019,2019,190,5.5,8.4,7.0
L,7/9/2019,2019,190,6,7.4,2.5
L,7/9/2019,2019,190,6.5,6.8,0.4
L,7/9/2019,2019,190,7,6.2,0.1
L,7/9/2019,2019,190,8,5.6,0.1
L,7/9/2019,2019,190,9,5.3,0.1
R,7/15/2019,2019,196,0,25.6,7.5
R,7/15/2019,2019,196,0.5,25.5,7.5
R,7/15/2019,2019,196,1,25.4,7.0
R,7/15/2019,2019,196,1.5,25.2,6.8
R,7/15/2019,2019,196,2,24.2,7.8
R,7/15/2019,2019,196,2.5,21.2,10.6
R,7/15/2019,2019,196,3,16.1,11.7
R,7/15/2019,2019,196,3.5,12.7,12.1
R,7/15/2019,2019,196,4,9.7,12.8
R,7/15/2019,2019,196,4.5,7.8,12.0
R,7/15/2019,2019,196,5,6.5,2.2
R,7/15/2019,2019,196,5.5,6.0,0.2
R,7/15/2019,2019,196,6,5.8,0.1
R,7/15/2019,2019,196,6.5,5.5,0.1
R,7/15/2019,2019,196,7,5.4,0.0
R,7/15/2019,2019,196,8,4.9,0.0
R,7/15/2019,2019,196,9,4.7,0.0
R,7/15/2019,2019,196,10,4.6,0.0
R,7/15/2019,2019,196,11,4.6,0.0
R,7/15/2019,2019,196,12,4.6,0.0
L,7/16/2019,2019,197,0,25.9,6.4
L,7/16/2019,2019,197,0.5,25.8,6.4
L,7/16/2019,2019,197,1,25.7,6.1
L,7/16/2019,2019,197,1.5,25.6,6.1
L,7/16/2019,2019,197,2,25.3,6.3
L,7/16/2019,2019,197,2.5,23.4,6.3
L,7/16/2019,2019,197,3,20.0,8.9
L,7/16/2019,2019,197,3.5,16.6,10.2
L,7/16/2019,2019,197,4,14.0,11.4
L,7/16/2019,2019,197,4.5,11.8,11.3
L,7/16/2019,2019,197,5,9.9,9.4
L,7/16/2019,2019,197,5.5,8.8,6.6
L,7/16/2019,2019,197,6,7.6,1.3
L,7/16/2019,2019,197,6.5,6.8,0.1
L,7/16/2019,2019,197,7,6.5,0.1
L,7/16/2019,2019,197,8,5.7,0.1
L,7/16/2019,2019,197,9,5.5,0.1
R,7/22/2019,2019,203,0,24.1,8.4
R,7/22/2019,2019,203,0.5,24.0,8.4
R,7/22/2019,2019,203,1,24.0,8.1
R,7/22/2019,2019,203,1.5,24.0,8.2
R,7/22/2019,2019,203,2,23.9,8.3
R,7/22/2019,2019,203,2.5,22.1,10.2
R,7/22/2019,2019,203,3,17.5,12.1
R,7/22/2019,2019,203,3.5,13.8,12.0
R,7/22/2019,2019,203,4,10.8,11.6
R,7/22/2019,2019,203,4.5,8.6,11.7
R,7/22/2019,2019,203,5,7.2,5.0
R,7/22/2019,2019,203,5.5,6.3,0.2
R,7/22/2019,2019,203,6,5.9,0.1
R,7/22/2019,2019,203,6.5,5.5,0.1
R,7/22/2019,2019,203,7,5.3,0.1
R,7/22/2019,2019,203,8,4.9,0.1
R,7/22/2019,2019,203,9,4.7,0.1
R,7/22/2019,2019,203,10,4.7,0.1
R,7/22/2019,2019,203,11,4.6,0.1
R,7/22/2019,2019,203,12,4.6,0.1
L,7/23/2019,2019,204,0,23.8,6.2
L,7/23/2019,2019,204,0.5,23.8,6.2
L,7/23/2019,2019,204,1,23.7,6.1
L,7/23/2019,2019,204,1.5,23.6,6.1
L,7/23/2019,2019,204,2,23.6,6.1
L,7/23/2019,2019,204,2.5,23.5,6.2
L,7/23/2019,2019,204,3,21.5,8.4
L,7/23/2019,2019,204,3.5,17.9,10.3
L,7/23/2019,2019,204,4,14.6,10.8
L,7/23/2019,2019,204,4.5,12.3,10.2
L,7/23/2019,2019,204,5,10.3,8.8
L,7/23/2019,2019,204,5.5,9.0,4.0
L,7/23/2019,2019,204,6,7.9,1.2
L,7/23/2019,2019,204,6.5,7.1,0.2
L,7/23/2019,2019,204,7,6.5,0.1
L,7/23/2019,2019,204,8,5.9,0.1
L,7/23/2019,2019,204,9,5.5,0.1
R,7/29/2019,2019,210,0,24.2,8.6
R,7/29/2019,2019,210,0.5,24.2,8.6
R,7/29/2019,2019,210,1,24.2,8.5
R,7/29/2019,2019,210,1.5,24.2,8.4
R,7/29/2019,2019,210,2,24.0,7.8
R,7/29/2019,2019,210,2.5,21.7,10.4
R,7/29/2019,2019,210,3,18.4,11.5
R,7/29/2019,2019,210,3.5,14.5,11.9
R,7/29/2019,2019,210,4,11.0,11.2
R,7/29/2019,2019,210,4.5,8.8,11.0
R,7/29/2019,2019,210,5,6.9,0.6
R,7/29/2019,2019,210,5.5,6.4,0.1
R,7/29/2019,2019,210,6,6.0,0.1
R,7/29/2019,2019,210,6.5,5.6,0.1
R,7/29/2019,2019,210,7,5.3,0.1
R,7/29/2019,2019,210,8,4.9,0.1
R,7/29/2019,2019,210,9,4.7,0.1
R,7/29/2019,2019,210,10,4.7,0.1
R,7/29/2019,2019,210,11,4.6,0.1
R,7/29/2019,2019,210,12,4.6,0.1
L,7/30/2019,2019,211,0,23.4,6.7
L,7/30/2019,2019,211,0.5,23.4,6.7
L,7/30/2019,2019,211,1,23.4,6.7
L,7/30/2019,2019,211,1.5,23.3,6.5
L,7/30/2019,2019,211,2,23.3,6.5
L,7/30/2019,2019,211,2.5,23.3,6.6
L,7/30/2019,2019,211,3,22.4,7.3
L,7/30/2019,2019,211,3.5,18.8,10.2
L,7/30/2019,2019,211,4,15.5,10.3
L,7/30/2019,2019,211,4.5,12.6,9.6
L,7/30/2019,2019,211,5,10.6,7.7
L,7/30/2019,2019,211,5.5,9.3,4.5
L,7/30/2019,2019,211,6,8.2,1.2
L,7/30/2019,2019,211,6.5,7.2,0.1
L,7/30/2019,2019,211,7,6.7,0.1
L,7/30/2019,2019,211,8,5.9,0.1
L,7/30/2019,2019,211,9,5.5,0.1
R,8/5/2019,2019,217,0,26.0,9.6
R,8/5/2019,2019,217,0.5,25.9,9.4
R,8/5/2019,2019,217,1,25.8,9.2
R,8/5/2019,2019,217,1.5,24.9,9.8
R,8/5/2019,2019,217,2,23.8,10.2
R,8/5/2019,2019,217,2.5,21.5,8.9
R,8/5/2019,2019,217,3,17.6,10.9
R,8/5/2019,2019,217,3.5,14.0,12.3
R,8/5/2019,2019,217,4,11.1,12.2
R,8/5/2019,2019,217,4.5,9.2,12.6
R,8/5/2019,2019,217,5,7.7,1.1
R,8/5/2019,2019,217,5.5,6.6,0.4
R,8/5/2019,2019,217,6,6.3,0.2
R,8/5/2019,2019,217,6.5,5.8,0.2
R,8/5/2019,2019,217,7,5.4,0.1
R,8/5/2019,2019,217,8,5.0,0.1
R,8/5/2019,2019,217,9,4.8,0.1
R,8/5/2019,2019,217,10,4.7,0.1
R,8/5/2019,2019,217,11,4.7,0.1
R,8/5/2019,2019,217,12,4.7,0.1
L,8/6/2019,2019,218,0,24.5,6.8
L,8/6/2019,2019,218,0.5,24.5,6.7
L,8/6/2019,2019,218,1,24.3,6.7
L,8/6/2019,2019,218,1.5,24.3,6.5
L,8/6/2019,2019,218,2,24.2,6.5
L,8/6/2019,2019,218,2.5,24.1,6.3
L,8/6/2019,2019,218,3,22.3,6.3
L,8/6/2019,2019,218,3.5,19.3,8.6
L,8/6/2019,2019,218,4,16.2,9.6
L,8/6/2019,2019,218,4.5,13.3,9.8
L,8/6/2019,2019,218,5,10.8,6.4
L,8/6/2019,2019,218,5.5,9.4,3.6
L,8/6/2019,2019,218,6,8.3,0.6
L,8/6/2019,2019,218,6.5,7.3,0.1
L,8/6/2019,2019,218,7,7.0,0.1
L,8/6/2019,2019,218,8,6.0,0.1
L,8/6/2019,2019,218,9,5.6,0.1
R,8/12/2019,2019,224,0,24.0,7.5
R,8/12/2019,2019,224,0.5,23.9,7.2
R,8/12/2019,2019,224,1.00,23.8,7.3
R,8/12/2019,2019,224,1.5,23.8,7.2
R,8/12/2019,2019,224,2,23.5,7.5
R,8/12/2019,2019,224,2.5,21.6,8.8
R,8/12/2019,2019,224,3,18.8,7.5
R,8/12/2019,2019,224,3.5,14.5,10.3
R,8/12/2019,2019,224,4,11.6,11.0
R,8/12/2019,2019,224,4.5,9.3,7.6
R,8/12/2019,2019,224,5.00,7.8,0.4
R,8/12/2019,2019,224,5.5,6.9,0.2
R,8/12/2019,2019,224,6,6.2,0.1
R,8/12/2019,2019,224,6.5,5.8,0.1
R,8/12/2019,2019,224,7,5.4,0.1
R,8/12/2019,2019,224,8,5.0,0.1
R,8/12/2019,2019,224,9,4.9,0.1
R,8/12/2019,2019,224,10,4.7,0.1
R,8/12/2019,2019,224,11,4.7,0.1
R,8/12/2019,2019,224,12,4.7,0.1
L,8/13/2019,2019,225,0.00,23.2,6.8
L,8/13/2019,2019,225,0.50,23.3,7.0
L,8/13/2019,2019,225,1.00,23.3,6.6
L,8/13/2019,2019,225,1.50,23.3,6.7
L,8/13/2019,2019,225,2.00,23.2,6.8
L,8/13/2019,2019,225,2.50,23.1,6.8
L,8/13/2019,2019,225,3.00,22.5,6.9
L,8/13/2019,2019,225,3.50,19.5,7.9
L,8/13/2019,2019,225,4.00,16.3,9.0
L,8/13/2019,2019,225,4.50,13.6,9.0
L,8/13/2019,2019,225,5.00,11.5,6.4
L,8/13/2019,2019,225,5.50,9.8,2.1
L,8/13/2019,2019,225,6.00,8.7,0.2
L,8/13/2019,2019,225,6.50,7.7,0.1
L,8/13/2019,2019,225,7.00,6.9,0.1
L,8/13/2019,2019,225,8.00,6.0,0.1
L,8/13/2019,2019,225,9.00,5.7,0.1
R,8/19/2019,2019,231,0,21.3,6.7
R,8/19/2019,2019,231,0.5,21.3,6.5
R,8/19/2019,2019,231,1,21.3,6.6
R,8/19/2019,2019,231,1.5,21.3,6.4
R,8/19/2019,2019,231,2,21.2,6.4
R,8/19/2019,2019,231,2.5,21.2,6.3
R,8/19/2019,2019,231,3.00,19.7,6.7
R,8/19/2019,2019,231,3.50,15.5,8.1
R,8/19/2019,2019,231,4.00,12.4,7.5
R,8/19/2019,2019,231,4.50,9.8,6.2
R,8/19/2019,2019,231,5.00,8.1,1.4
R,8/19/2019,2019,231,5.50,7.2,0.2
R,8/19/2019,2019,231,6.00,6.4,0.1
R,8/19/2019,2019,231,6.50,5.8,0.1
R,8/19/2019,2019,231,7.00,5.4,0.1
R,8/19/2019,2019,231,8.00,5.0,0.1
R,8/19/2019,2019,231,9.00,4.8,0.1
R,8/19/2019,2019,231,10.00,4.7,0.1
R,8/19/2019,2019,231,11.00,4.7,0.1
R,8/19/2019,2019,231,12.00,4.7,0.1
L,8/20/2019,2019,232,0,21.6,7.9
L,8/20/2019,2019,232,0.5,21.5,8.0
L,8/20/2019,2019,232,1,21.5,7.7
L,8/20/2019,2019,232,1.5,21.4,7.4
L,8/20/2019,2019,232,2,21.4,7.6
L,8/20/2019,2019,232,2.5,21.3,7.6
L,8/20/2019,2019,232,3,21.2,7.5
L,8/20/2019,2019,232,3.5,20.0,6.6
L,8/20/2019,2019,232,4,16.9,8.4
L,8/20/2019,2019,232,4.5,14.0,8.2
L,8/20/2019,2019,232,5,12.0,4.9
L,8/20/2019,2019,232,5.5,10.1,1.7
L,8/20/2019,2019,232,6.00,8.9,0.2
L,8/20/2019,2019,232,6.50,7.8,0.1
L,8/20/2019,2019,232,7.00,7.1,0.1
L,8/20/2019,2019,232,8.00,6.0,0.1
L,8/20/2019,2019,232,9.00,5.6,0.1
R,8/26/2019,2019,238,0,20.5,8.2
R,8/26/2019,2019,238,0.5,20.5,8.4
R,8/26/2019,2019,238,1,20.5,8.3
R,8/26/2019,2019,238,1.5,20.5,8.0
R,8/26/2019,2019,238,2,20.4,8.0
R,8/26/2019,2019,238,2.5,20.4,7.9
R,8/26/2019,2019,238,3.00,20.2,7.8
R,8/26/2019,2019,238,3.50,16.5,8.8
R,8/26/2019,2019,238,4.00,13.0,9.1
R,8/26/2019,2019,238,4.50,10.4,5.8
R,8/26/2019,2019,238,5.00,8.5,1.3
R,8/26/2019,2019,238,5.50,7.3,0.3
R,8/26/2019,2019,238,6.00,6.6,0.1
R,8/26/2019,2019,238,6.50,5.9,0.1
R,8/26/2019,2019,238,7.00,5.5,0.1
R,8/26/2019,2019,238,8.00,5.1,0.1
R,8/26/2019,2019,238,9.00,4.8,0.1
R,8/26/2019,2019,238,10.00,4.7,0.1
R,8/26/2019,2019,238,11.00,4.7,0.1
R,8/26/2019,2019,238,12.00,4.7,0.1
L,8/27/2019,2019,239,0,20.2,7.9
L,8/27/2019,2019,239,0.5,20.2,7.8
L,8/27/2019,2019,239,1,20.2,7.6
L,8/27/2019,2019,239,1.5,20.1,7.5
L,8/27/2019,2019,239,2,20.1,7.4
L,8/27/2019,2019,239,2.5,20.1,7.4
L,8/27/2019,2019,239,3,20.1,7.3
L,8/27/2019,2019,239,3.5,19.8,7.0
L,8/27/2019,2019,239,4,17.3,7.0
L,8/27/2019,2019,239,4.5,14.5,6.9
L,8/27/2019,2019,239,5,12.2,2.1
L,8/27/2019,2019,239,5.5,10.2,0.9
L,8/27/2019,2019,239,6.00,8.9,0.1
L,8/27/2019,2019,239,6.50,8.0,0.1
L,8/27/2019,2019,239,7.00,7.3,0.1
L,8/27/2019,2019,239,8.00,6.1,0.1
L,8/27/2019,2019,239,9.00,5.7,0.1
R,9/2/2019,2019,245,0,18.4,8.9
R,9/2/2019,2019,245,0.5,18.4,8.9
R,9/2/2019,2019,245,1,18.4,8.9
R,9/2/2019,2019,245,1.5,18.3,8.8
R,9/2/2019,2019,245,2,18.3,8.8
R,9/2/2019,2019,245,2.5,18.1,8.6
R,9/2/2019,2019,245,3.00,18.0,8.4
R,9/2/2019,2019,245,3.50,17.1,7.3
R,9/2/2019,2019,245,4.00,14.0,6.7
R,9/2/2019,2019,245,4.50,10.8,4.4
R,9/2/2019,2019,245,5.00,9.0,1.0
R,9/2/2019,2019,245,5.50,7.7,0.1
R,9/2/2019,2019,245,6.00,6.8,0.1
R,9/2/2019,2019,245,6.50,6.2,0.1
R,9/2/2019,2019,245,7.00,5.7,0.1
R,9/2/2019,2019,245,8.00,5.1,0.1
R,9/2/2019,2019,245,9.00,4.8,0.1
R,9/2/2019,2019,245,10.00,4.7,0.1
R,9/2/2019,2019,245,11.00,4.7,0.1
R,9/2/2019,2019,245,12.00,4.7,0.1
L,9/3/2019,2019,246,0,17.9,7.7
L,9/3/2019,2019,246,0.5,18.0,7.6
L,9/3/2019,2019,246,1,18.0,7.6
L,9/3/2019,2019,246,1.5,18.0,7.4
L,9/3/2019,2019,246,2,18.0,7.4
L,9/3/2019,2019,246,2.5,18.0,7.4
L,9/3/2019,2019,246,3,17.9,7.3
L,9/3/2019,2019,246,3.5,17.8,7.1
L,9/3/2019,2019,246,4,17.4,6.6
L,9/3/2019,2019,246,4.5,15.5,5.1
L,9/3/2019,2019,246,5,12.8,2.7
L,9/3/2019,2019,246,5.5,10.6,0.4
L,9/3/2019,2019,246,6.00,9.4,0.1
L,9/3/2019,2019,246,6.50,8.2,0.1
L,9/3/2019,2019,246,7.00,7.4,0.1
L,9/3/2019,2019,246,8.00,6.2,0.1
L,9/3/2019,2019,246,9.00,5.8,0.1
,,,0,,,
,,,0,,,
,,,0,,,
,,,0,,,
,,,0,,,
,,,0,,,
,,,0,,,
,,,0,,,
,,,0,,,
,,,0,,,
,,,0,,,
,,,0,,,
,,,0,,,
,,,0,,,
,,,0,,,
,,,0,,,
,,,0,,,
,,,0,,,
,,,0,,,
,,,0,,,
,,,0,,,
,,,0,,,
,,,0,,,
,,,0,,,
,,,,,,
,,,,,,
,,,,,,
,,,,,,
,,,,,,
,,,,,,
,,,,,,
,,,,,,
,,,,,,
,,,,,,
,,,,,,
,,,,,,
,,,,,,
,,,,,,
,,,,,,
,,,,,,
,,,,,,
,,,,,,
,,,,,,
,,,,,,
,,,,,,
,,,,,,
,,,,,,
,,,,,,
,,,,,,
,,,,,,
,,,,,,
,,,,,,
,,,,,,
,,,,,,
,,,,,,
,,,,,,
,,,,,,
,,,,,,
,,,,,,
,,,,,,
,,,,,,
,,,,,,
,,,,,,
,,,,,,
,,,,,,
,,,,,,
,,,,,,
,,,,,,
,,,,,,
,,,,,,
,,,,,,
,,,,,,
,,,,,,
,,,,,,
,,,,,,
,,,,,,
,,,,,,
,,,,,,
,,,,,,
,,,,,,
,,,,,,
,,,,,,
,,,,,,
,,,,,,
,,,,,,
,,,,,,
,,,,,,
,,,,,,
,,,,,,
,,,,,,
,,,,,,
,,,,,,
,,,,,,
,,,,,,
,,,,,,
,,,,,,
,,,,,,
,,,,,,
,,,,,,
,,,,,,
,,,,,,
,,,,,,
,,,,,,
,,,,,,
,,,,,,
,,,,,,
,,,,,,
,,,,,,
,,,,,,
,,,,,,
,,,,,,
,,,,,,
,,,,,,
,,,,,,
,,,,,,
,,,,,,
,,,,,,
,,,,,,
,,,,,,
,,,,,,
,,,,,,
,,,,,,
,,,,,,
,,,,,,
,,,,,,
,,,,,,
,,,,,,
,,,,,,
,,,,,,
,,,,,,
,,,,,,
,,,,,,
,,,,,,
,,,,,,
,,,,,,
,,,,,,
,,,,,,
,,,,,,
,,,,,,
,,,,,,
,,,,,,
,,,,,,
,,,,,,
,,,,,,
,,,,,,
,,,,,,
,,,,,,
,,,,,,
,,,,,,
,,,,,,
,,,,,,
,,,,,,
,,,,,,
,,,,,,
,,,,,,
,,,,,,
,,,,,,
,,,,,,
,,,,,,
,,,,,,
,,,,,,
,,,,,,
,,,,,,
,,,,,,
,,,,,,
,,,,,,
,,,,,,
,,,,,,
,,,,,,
,,,,,,
,,,,,,
,,,,,,
,,,,,,
,,,,,,
,,,,,,
,,,,,,
,,,,,,
,,,,,,
,,,,,,
,,,,,,
,,,,,,
,,,,,,
,,,,,,
,,,,,,
,,,,,,
,,,,,,
,,,,,,
,,,,,,
,,,,,,
,,,,,,
,,,,,,
,,,,,,
,,,,,,
,,,,,,
,,,,,,
,,,,,,
,,,,,,
,,,,,,
,,,,,,
,,,,,,
,,,,,,
,,,,,,
,,,,,,
,,,,,,
,,,,,,
,,,,,,
,,,,,,
,,,,,,
,,,,,,
,,,,,,
,,,,,,
,,,,,,
,,,,,,
,,,,,,
,,,,,,
,,,,,,
,,,,,,
,,,,,,
,,,,,,
,,,,,,
,,,,,,
,,,,,,
,,,,,,
,,,,,,
,,,,,,
,,,,,,
,,,,,,
,,,,,,
,,,,,,
,,,,,,
,,,,,,
,,,,,,
,,,,,,
,,,,,,
,,,,,,
,,,,,,
,,,,,,
,,,,,,
,,,,,,
,,,,,,
,,,,,,
,,,,,,
,,,,,,
,,,,,,
,,,,,,
,,,,,,
,,,,,,
,,,,,,
,,,,,,
,,,,,,
,,,,,,
,,,,,,
,,,,,,
,,,,,,
,,,,,,
,,,,,,
,,,,,,
,,,,,,
,,,,,,
,,,,,,
,,,,,,
,,,,,,
,,,,,,
,,,,,,
,,,,,,
,,,,,,
,,,,,,
,,,,,,
,,,,,,
,,,,,,
,,,,,,
,,,,,,
,,,,,,
,,,,,,
,,,,,,
,,,,,,
,,,,,,
,,,,,,
,,,,,,
,,,,,,
,,,,,,
,,,,,,
,,,,,,
,,,,,,
,,,,,,
,,,,,,
,,,,,,
,,,,,,
,,,,,,
,,,,,,
,,,,,,
,,,,,,
,,,,,,
,,,,,,
,,,,,,
,,,,,,
,,,,,,
,,,,,,
,,,,,,
,,,,,,
,,,,,,
,,,,,,
,,,,,,
,,,,,,
,,,,,,
,,,,,,
,,,,,,
,,,,,,
,,,,,,
,,,,,,
,,,,,,
,,,,,,
,,,,,,
,,,,,,
,,,,,,
,,,,,,
,,,,,,
,,,,,,
,,,,,,
,,,,,,
,,,,,,
,,,,,,
,,,,,,
,,,,,,
,,,,,,
,,,,,,
,,,,,,
,,,,,,
,,,,,,
,,,,,,
,,,,,,
,,,,,,
,,,,,,
,,,,,,
,,,,,,
,,,,,,
,,,,,,
,,,,,,
,,,,,,
,,,,,,
,,,,,,
,,,,,,
,,,,,,
,,,,,,
,,,,,,
,,,,,,
,,,,,,
,,,,,,
,,,,,,
,,,,,,
,,,,,,
,,,,,,
,,,,,,
,,,,,,
,,,,,,
,,,,,,
,,,,,,
,,,,,,
,,,,,,
,,,,,,
,,,,,,
,,,,,,
,,,,,,
,,,,,,
,,,,,,
,,,,,,
,,,,,,
,,,,,,
,,,,,,
,,,,,,
